{
  "Id": 1,
  "ObjectId": "{E0E70041-1AD4-47D4-AD19-FB41AF5405CD}",
  "BaseMetaModel": "RQM",
  "ExtendedMetaModel": "WRQM",
  "Location": "/myOpenSapCourse/Sales",
  "Version": 1,
  "OverallModificationDate": "2018-09-19 16:45:06.0",
  "Attributes": {
    "Class": "Model",
    "BasedClass": "Model",
    "Name": "Sales Requirements",
    "Code": "SALES_REQUIREMENTS",
    "ApplicationVersion": "16.6.6.5630",
    "ModelOptionsText": "[ModelOptions]\n\n\n\n[ModelOptions\\Requirements model options]\n\nCaseSensitive=No\n\nDisplayName=Yes\n\nEnableTrans=No\n\nUseTerm=No\n\nEnableRequirements=No\n\nEnableFullShortcut=No\n\nSynchroCode=Yes\n\nText Font=Times New Roman,10,\n\nText Color=0 0 0\n\nTitle Font 1=Times New Roman,16,B\n\nTitle Color 1=0 0 128\n\nTitle Font 2=Times New Roman,14,B\n\nTitle Color 2=128 0 255\n\nTitle Font 3=Times New Roman,14,B\n\nTitle Color 3=0 0 255\n\nTitle Font 4=Times New Roman,13,B\n\nTitle Color 4=255 0 255\n\nTitle Font 5=Times New Roman,13,IU\n\nTitle Color 5=0 128 0\n\nTitle Font 6=Times New Roman,13,BIU\n\nTitle Color 6=0 0 0\n\nTitle Font 7=Times New Roman,13,IU\n\nTitle Color 7=0 0 0\n\nTitle Font 8=Times New Roman,13,IU\n\nTitle Color 8=0 0 0\n\nTitle Font 9=Times New Roman,13,IU\n\nTitle Color 9=0 0 0\n\n\n\n[ModelOptions\\Requirements model options\\NamingOptionsTemplates]\n\n\n\n[ModelOptions\\Requirements model options\\ClssNamingOptions]\n\n\n\n[ModelOptions\\Requirements model options\\ClssNamingOptions\\RQMPCKG]\n\n\n\n[ModelOptions\\Requirements model options\\ClssNamingOptions\\RQMPCKG\\Name]\n\nTemplate=\n\nMaxLen=254\n\nCase=M\n\nValidChar=\n\nInvldChar=\n\nAllValid=Yes\n\nNoAccent=No\n\nDefaultChar=_\n\nScript=.convert_name(%Name%,\"_\")\n\nConvTable=\n\nConvTablePath=C:\\perforce\\current\\re_misc\\PD\\ConversionTables\\\n\n\n\n[ModelOptions\\Requirements model options\\ClssNamingOptions\\RQMPCKG\\Code]\n\nTemplate=\n\nMaxLen=254\n\nCase=M\n\nValidChar=\n\nInvldChar=\n\nAllValid=Yes\n\nNoAccent=No\n\nDefaultChar=_\n\nScript=.convert_code(%Code%,\" \")\n\nConvTable=\n\nConvTablePath=C:\\perforce\\current\\re_misc\\PD\\ConversionTables\\\n\n\n\n[ModelOptions\\Requirements model options\\ClssNamingOptions\\TERM]\n\n\n\n[ModelOptions\\Requirements model options\\ClssNamingOptions\\TERM\\Name]\n\nTemplate=\n\nMaxLen=254\n\nCase=M\n\nValidChar=\n\nInvldChar=\n\nAllValid=Yes\n\nNoAccent=No\n\nDefaultChar=_\n\nScript=.convert_name(%Name%,\"_\")\n\nConvTable=\n\nConvTablePath=C:\\perforce\\current\\re_misc\\PD\\ConversionTables\\\n\n\n\n[ModelOptions\\Requirements model options\\ClssNamingOptions\\TERM\\Code]\n\nTemplate=\n\nMaxLen=254\n\nCase=M\n\nValidChar=\n\nInvldChar=\n\nAllValid=Yes\n\nNoAccent=No\n\nDefaultChar=_\n\nScript=.convert_code(%Code%,\" \")\n\nConvTable=\n\nConvTablePath=C:\\perforce\\current\\re_misc\\PD\\ConversionTables\\\n\n\n\n[ModelOptions\\Requirements model options\\ClssNamingOptions\\USER]\n\n\n\n[ModelOptions\\Requirements model options\\ClssNamingOptions\\USER\\Name]\n\nTemplate=\n\nMaxLen=254\n\nCase=M\n\nValidChar=\n\nInvldChar=\n\nAllValid=Yes\n\nNoAccent=No\n\nDefaultChar=_\n\nScript=.convert_name(%Name%,\"_\")\n\nConvTable=\n\nConvTablePath=C:\\perforce\\current\\re_misc\\PD\\ConversionTables\\\n\n\n\n[ModelOptions\\Requirements model options\\ClssNamingOptions\\USER\\Code]\n\nTemplate=\n\nMaxLen=254\n\nCase=M\n\nValidChar=\n\nInvldChar=\n\nAllValid=Yes\n\nNoAccent=No\n\nDefaultChar=_\n\nScript=.convert_code(%Code%,\" \")\n\nConvTable=\n\nConvTablePath=C:\\perforce\\current\\re_misc\\PD\\ConversionTables\\\n\n\n\n[ModelOptions\\Requirements model options\\ClssNamingOptions\\GRPE]\n\n\n\n[ModelOptions\\Requirements model options\\ClssNamingOptions\\GRPE\\Name]\n\nTemplate=\n\nMaxLen=254\n\nCase=M\n\nValidChar=\n\nInvldChar=\n\nAllValid=Yes\n\nNoAccent=No\n\nDefaultChar=_\n\nScript=.convert_name(%Name%,\"_\")\n\nConvTable=\n\nConvTablePath=C:\\perforce\\current\\re_misc\\PD\\ConversionTables\\\n\n\n\n[ModelOptions\\Requirements model options\\ClssNamingOptions\\GRPE\\Code]\n\nTemplate=\n\nMaxLen=254\n\nCase=M\n\nValidChar=\n\nInvldChar=\n\nAllValid=Yes\n\nNoAccent=No\n\nDefaultChar=_\n\nScript=.convert_code(%Code%,\" \")\n\nConvTable=\n\nConvTablePath=C:\\perforce\\current\\re_misc\\PD\\ConversionTables\\\n\n\n\n[ModelOptions\\Requirements model options\\ClssNamingOptions\\RQMT]\n\n\n\n[ModelOptions\\Requirements model options\\ClssNamingOptions\\RQMT\\Name]\n\nTemplate=\n\nMaxLen=254\n\nCase=M\n\nValidChar=\n\nInvldChar=\n\nAllValid=Yes\n\nNoAccent=No\n\nDefaultChar=0\n\nScript=REQ_%-4:Increment%\n\nConvTable=\n\nConvTablePath=C:\\perforce\\current\\re_misc\\PD\\ConversionTables\\\n\n\n\n[ModelOptions\\Requirements model options\\ClssNamingOptions\\RQMT\\Code]\n\nTemplate=\n\nMaxLen=254\n\nCase=M\n\nValidChar=\n\nInvldChar=\n\nAllValid=Yes\n\nNoAccent=No\n\nDefaultChar=0\n\nScript=\n\nConvTable=\n\nConvTablePath=C:\\perforce\\current\\re_misc\\PD\\ConversionTables\\\n\n\n\n[ModelOptions\\Requirements model options\\ClssNamingOptions\\FILO]\n\n\n\n[ModelOptions\\Requirements model options\\ClssNamingOptions\\FILO\\Name]\n\nTemplate=\n\nMaxLen=254\n\nCase=M\n\nValidChar=\n\nInvldChar=\n\nAllValid=Yes\n\nNoAccent=No\n\nDefaultChar=_\n\nScript=.convert_name(%Name%,\"_\")\n\nConvTable=\n\nConvTablePath=C:\\perforce\\current\\re_misc\\PD\\ConversionTables\\\n\n\n\n[ModelOptions\\Requirements model options\\ClssNamingOptions\\FILO\\Code]\n\nTemplate=\n\nMaxLen=254\n\nCase=M\n\nValidChar=\n\nInvldChar=\n\nAllValid=Yes\n\nNoAccent=No\n\nDefaultChar=_\n\nScript=.convert_code(%Code%,\" \")\n\nConvTable=\n\nConvTablePath=C:\\perforce\\current\\re_misc\\PD\\ConversionTables\\\n\n\n\n[ModelOptions\\Requirements model options\\ClssNamingOptions\\FRMEOBJ]\n\n\n\n[ModelOptions\\Requirements model options\\ClssNamingOptions\\FRMEOBJ\\Name]\n\nTemplate=\n\nMaxLen=254\n\nCase=M\n\nValidChar=\n\nInvldChar=\n\nAllValid=Yes\n\nNoAccent=No\n\nDefaultChar=_\n\nScript=.convert_name(%Name%,\"_\")\n\nConvTable=\n\nConvTablePath=C:\\perforce\\current\\re_misc\\PD\\ConversionTables\\\n\n\n\n[ModelOptions\\Requirements model options\\ClssNamingOptions\\FRMEOBJ\\Code]\n\nTemplate=\n\nMaxLen=254\n\nCase=M\n\nValidChar=\n\nInvldChar=\n\nAllValid=Yes\n\nNoAccent=No\n\nDefaultChar=_\n\nScript=.convert_code(%Code%,\" \")\n\nConvTable=\n\nConvTablePath=C:\\perforce\\current\\re_misc\\PD\\ConversionTables\\\n\n\n\n[ModelOptions\\Requirements model options\\ClssNamingOptions\\FRMELNK]\n\n\n\n[ModelOptions\\Requirements model options\\ClssNamingOptions\\FRMELNK\\Name]\n\nTemplate=\n\nMaxLen=254\n\nCase=M\n\nValidChar=\n\nInvldChar=\n\nAllValid=Yes\n\nNoAccent=No\n\nDefaultChar=_\n\nScript=.convert_name(%Name%,\"_\")\n\nConvTable=\n\nConvTablePath=C:\\perforce\\current\\re_misc\\PD\\ConversionTables\\\n\n\n\n[ModelOptions\\Requirements model options\\ClssNamingOptions\\FRMELNK\\Code]\n\nTemplate=\n\nMaxLen=254\n\nCase=M\n\nValidChar=\n\nInvldChar=\n\nAllValid=Yes\n\nNoAccent=No\n\nDefaultChar=_\n\nScript=.convert_code(%Code%,\" \")\n\nConvTable=\n\nConvTablePath=C:\\perforce\\current\\re_misc\\PD\\ConversionTables\\\n\n\n\n[ModelOptions\\Requirements model options\\ClssNamingOptions\\DefaultClass]\n\n\n\n[ModelOptions\\Requirements model options\\ClssNamingOptions\\DefaultClass\\Name]\n\nTemplate=\n\nMaxLen=254\n\nCase=M\n\nValidChar=\n\nInvldChar=\n\nAllValid=Yes\n\nNoAccent=No\n\nDefaultChar=_\n\nScript=.convert_name(%Name%,\"_\")\n\nConvTable=\n\nConvTablePath=C:\\perforce\\current\\re_misc\\PD\\ConversionTables\\\n\n\n\n[ModelOptions\\Requirements model options\\ClssNamingOptions\\DefaultClass\\Code]\n\nTemplate=\n\nMaxLen=254\n\nCase=M\n\nValidChar=\n\nInvldChar=\n\nAllValid=Yes\n\nNoAccent=No\n\nDefaultChar=_\n\nScript=.convert_code(%Code%,\" \")\n\nConvTable=\n\nConvTablePath=C:\\perforce\\current\\re_misc\\PD\\ConversionTables\\",
    "NeedFixExternalSessions": "false",
    "PackageOptionsText": "[FolderOptions]\n\n\n\n[FolderOptions\\Requirement Objects]\n\nGenerationCheckModel=Yes\n\nGenerationPath=\n\nGenerationOptions=\n\nGenerationTasks=\n\nGenerationTargets=\n\nGenerationSelections=\n\nExport as table=No",
    "UseParentNamespace": "true"
  },
  "Content": {
    "Requirements": [
      {
        "Id": 2,
        "ParentId": 1,
        "ObjectId": "{eac5ae41-5a15-45da-af6b-53496094e019}",
        "Attributes": {
          "Class": "Requirement",
          "BasedClass": "Requirement",
          "ExtendedClass": "",
          "Name": "Sales requirements",
          "Code": "REQ_0001",
          "Priority": "3.0",
          "Risk": "2",
          "Selected": "false",
          "Status": "0",
          "UseParentNamespace": "false",
          "UserDefinedCode": "false",
          "Workload": "0.0",
          "Workload2": "0.0",
          "Workload3": "0.0",
          "Workload4": "0.0"
        },
        "Content": {
          "Requirements": [
            {
              "Id": 3,
              "ParentId": 2,
              "ObjectId": "{6c5a9a80-e71c-4cea-9b86-462f557041bf}",
              "Attributes": {
                "Class": "Requirement",
                "BasedClass": "Requirement",
                "ExtendedClass": "",
                "Name": "Functional",
                "Code": "REQ_0002",
                "Priority": "5.0",
                "Risk": "1",
                "Selected": "false",
                "Status": "0",
                "UseParentNamespace": "false",
                "UserDefinedCode": "false",
                "Workload": "2.0",
                "Workload2": "0.0",
                "Workload3": "0.0",
                "Workload4": "0.0"
              },
              "Content": {
                "Requirements": [
                  {
                    "Id": 4,
                    "ParentId": 3,
                    "ObjectId": "{1bd63b04-e89a-43af-b1d2-b66cb2ea720e}",
                    "Attributes": {
                      "Class": "Requirement",
                      "BasedClass": "Requirement",
                      "ExtendedClass": "",
                      "Name": "CRM",
                      "Code": "REQ_0005",
                      "Priority": "5.0",
                      "Risk": "3",
                      "Selected": "false",
                      "Status": "2",
                      "UseParentNamespace": "false",
                      "UserDefinedCode": "false",
                      "Workload": "0.0",
                      "Workload2": "0.0",
                      "Workload3": "0.0",
                      "Workload4": "0.0"
                    }
                  },
                  {
                    "Id": 5,
                    "ParentId": 3,
                    "ObjectId": "{14b8631d-fe13-45f1-a6a9-6f69470406e1}",
                    "Attributes": {
                      "Class": "Requirement",
                      "BasedClass": "Requirement",
                      "ExtendedClass": "",
                      "Name": "Controling",
                      "Code": "REQ_0006",
                      "Priority": "1.0",
                      "Risk": "3",
                      "Selected": "false",
                      "Status": "2",
                      "UseParentNamespace": "false",
                      "UserDefinedCode": "false",
                      "Workload": "0.0",
                      "Workload2": "0.0",
                      "Workload3": "0.0",
                      "Workload4": "0.0"
                    }
                  }
                ]
              }
            },
            {
              "Id": 6,
              "ParentId": 2,
              "ObjectId": "{476e038a-36c1-4ecf-b245-67220b1e6ddf}",
              "Attributes": {
                "Class": "Requirement",
                "BasedClass": "Requirement",
                "ExtendedClass": "",
                "Name": "Non Functional",
                "Code": "REQ_0003",
                "Priority": "3.0",
                "Risk": "2",
                "Selected": "false",
                "Status": "0",
                "UseParentNamespace": "false",
                "UserDefinedCode": "false",
                "Workload": "4.0",
                "Workload2": "0.0",
                "Workload3": "0.0",
                "Workload4": "0.0"
              }
            },
            {
              "Id": 7,
              "ParentId": 2,
              "ObjectId": "{2d71738f-af3b-452b-8b42-1c05ee714a5e}",
              "Attributes": {
                "Class": "Requirement",
                "BasedClass": "Requirement",
                "ExtendedClass": "",
                "Name": "Quality",
                "Code": "REQ_0004",
                "Priority": "3.0",
                "Risk": "2",
                "Selected": "false",
                "Status": "1",
                "UseParentNamespace": "false",
                "UserDefinedCode": "false",
                "Workload": "8.0",
                "Workload2": "0.0",
                "Workload3": "0.0",
                "Workload4": "0.0"
              }
            }
          ]
        }
      }
    ],
    "ExtendedModelDefinitions": [
      {
        "Id": 8,
        "ParentId": 1,
        "ObjectId": "{867E1BCF-79B9-4B24-BEB8-9E9B213F4D9C}",
        "Attributes": {
          "Class": "Shortcut",
          "BasedClass": "Shortcut",
          "Name": "Requirements List",
          "Code": "WRQM",
          "Generated": "true",
          "GenerationType": "1",
          "TargetClassID": "{186C8AC3-D3DC-11D3-881C-00508B03C75C}",
          "TargetID": "{E4B22D76-443D-49BF-9049-240098C93429}",
          "TargetRepositoryId": "123",
          "Location": "/myOpenSapCourse/Sales/Sales Requirements/Requirements List"
        }
      }
    ],
    "TargetModels": [
      {
        "Id": 9,
        "ParentId": 1,
        "ObjectId": "{B333B3DC-B3DD-49CA-8C51-17954F419D9F}",
        "Attributes": {
          "Class": "TargetModel",
          "BasedClass": "TargetModel",
          "Name": "Requirements List",
          "Code": "WRQM",
          "ExtractionBranchID": "1",
          "ExtractionDate": "2018-03-20 16:45:50.0",
          "ExtractionID": "123",
          "ExtractionVersion": "1",
          "RepositoryID": "{1359B9FF-3E2F-4057-A8E0-5CE79D482789}",
          "TargetModelClassID": "{186C8AC3-D3DC-11D3-881C-00508B03C75C}",
          "TargetModelID": "{E4B22D76-443D-49BF-9049-240098C93429}",
          "TargetModelLastModificationDate": "2018-03-20 16:45:50.0",
          "TargetModelURL": "file:///%_SHARED%/_Shared@{1359B9FF-3E2F-4057-A8E0-5CE79D482789}/Resources/Extensions/WRQM.xem",
          "TargetRepositoryId": "123",
          "TargetBranchName": "<Default>",
          "Location": "/"
        },
        "References": {
          "SessionShortcuts": [
            8
          ]
        }
      }
    ],
    "Diagrams": [
      {
        "Id": 10,
        "ParentId": 1,
        "ObjectId": "{BCBA0EF5-1C85-4453-A038-077D0CD12BF9}",
        "Attributes": {
          "Class": "RequirementsDocumentView",
          "BasedClass": "RequirementsDocumentView",
          "Name": "Sales Requirements",
          "Code": "SALES_REQUIREMENTS",
          "ColumnPreferences": "TLID 125 UCOD -1 NAME 249 CODE 80 CDAT -1 CUSR -1 MDAT -1 MUSR -1 CMMT -1 PRTY 93 WKLD 80 WKD2 -1 WKD3 -1 WKD4 -1 SELD -1 RTYP -1 RISK 127 VRFM -1 STTS 120 \"_Parent\" -1 \"_SourceReplication\" -1 \"_GenerationOrigin\" -1 HLNK -1 TTID -1 MDOC -1 AUSRS -1 DESC -1 NOTE -1 HASNOTE -1 TMDL -1 RPLA -1 TIDT -1 PRNT -1 DISPNAME -1 OBJTYPE -1 OMDAT -1 CLSSNAME -1 FLDR -1 SDSC -1 OLOC -1 PCKG -1 NOTETEXT -1 DESCTEXT -1 KYWD -1 GENEORGN -1 STRN -1 MODL -1 COMP -1 CPNM -1 MSTP -1 LEVL -1 PVDG -1 \"_Stereotype\" -1 \"_RepositoryVersion\" -1 \"_RepositoryBranch\" -1 \"_RepositoryLocation\" -1",
          "DisplayPreferences": "[DisplayPreferences]\n\n\n\n[DisplayPreferences\\ALL]\n\n\n\n[DisplayPreferences\\General]\n\nAdjust to text=Yes\n\nSnap Grid=No\n\nConstrain Labels=Yes\n\nDisplay Grid=No\n\nShow Page Delimiter=Yes\n\nShow Links intersections=No\n\nActivate automatic link routing=No\n\nGrid size=0\n\nGraphic unit=2\n\nWindow color=255, 255, 255\n\nBackground image=\n\nBackground mode=8\n\nWatermark image=\n\nWatermark mode=8\n\nShow watermark on screen=No\n\nGradient mode=0\n\nGradient end color=255, 255, 255\n\nShow Swimlane=No\n\nSwimlaneVert=Yes\n\nTreeVert=No\n\nCompDark=0\n\n\n\n[DisplayPreferences\\Object]\n\nShow Icon=No\n\nMode=2\n\nTrunc Length=40\n\nWord Length=40\n\nWord Text=!\"#$%&')*+,-./:;=>?@\\]^_`|}~\n\nShortcut IntIcon=Yes\n\nShortcut IntLoct=Yes\n\nShortcut IntFullPath=No\n\nShortcut IntLastPackage=Yes\n\nShortcut ExtIcon=Yes\n\nShortcut ExtLoct=No\n\nShortcut ExtFullPath=No\n\nShortcut ExtLastPackage=Yes\n\nShortcut ExtIncludeModl=Yes\n\nEObjShowStrn=Yes\n\nExtendedObject.Comment=No\n\nExtendedObject.IconPicture=No\n\nExtendedObject.TextStyle=No\n\nExtendedObject_SymbolLayout=<Form>[CRLF] <StandardAttribute Name=\"Stereotype\" Attribute=\"Stereotype\" Prefix=\"&lt;&lt;\" Suffix=\"&gt;&gt;\" Alignment=\"CNTR\" Caption=\"\" Mandatory=\"No\" />[CRLF] <StandardAttribute Name=\"Object Name\" Attribute=\"DisplayName\" Prefix=\"\" Suffix=\"\" Alignment=\"CNTR\" Caption=\"\" Mandatory=\"Yes\" />[CRLF] <Separator Name=\"Separator\" />[CRLF] <StandardAttribute Name=\"Comment\" Attribute=\"Comment\" Prefix=\"\" Suffix=\"\" Alignment=\"LEFT\" Caption=\"\" Mandatory=\"No\" />[CRLF] <StandardAttribute Name=\"Icon\" Attribute=\"IconPicture\" Prefix=\"\" Suffix=\"\" Alignment=\"CNTR\" Caption=\"\" Mandatory=\"Yes\" />[CRLF] <StandardAttribute Name=\"Force top align\" Attribute=\"TextStyle\" Prefix=\"\" Suffix=\"\" Alignment=\"CNTR\" Caption=\"\" Mandatory=\"Yes\" />[CRLF]</Form>\n\nELnkShowStrn=Yes\n\nELnkShowName=Yes\n\nExtendedLink_SymbolLayout=<Form>[CRLF] <Form Name=\"Center\" >[CRLF]  <StandardAttribute Name=\"Stereotype\" Attribute=\"Stereotype\" Prefix=\"&lt;&lt;\" Suffix=\"&gt;&gt;\" Caption=\"\" Mandatory=\"No\" />[CRLF]  <StandardAttribute Name=\"Name\" Attribute=\"DisplayName\" Prefix=\"\" Suffix=\"\" Caption=\"\" Mandatory=\"No\" />[CRLF] </Form>[CRLF] <Form Name=\"Source\" >[CRLF] </Form>[CRLF] <Form Name=\"Destination\" >[CRLF] </Form>[CRLF]</Form>\n\nExtDpdShowStrn=Yes\n\nExtendedDependency_SymbolLayout=<Form>[CRLF] <Form Name=\"Center\" >[CRLF]  <StandardAttribute Name=\"Stereotype\" Attribute=\"Stereotype\" Prefix=\"&lt;&lt;\" Suffix=\"&gt;&gt;\" Caption=\"\" Mandatory=\"No\" />[CRLF] </Form>[CRLF] <Form Name=\"Source\" >[CRLF] </Form>[CRLF] <Form Name=\"Destination\" >[CRLF] </Form>[CRLF]</Form>\n\nFileObject.Stereotype=No\n\nFileObject.DisplayName=Yes\n\nFileObject.LocationOrName=No\n\nFileObject.IconPicture=No\n\nFileObject.TextStyle=No\n\nFileObject.IconMode=Yes\n\nFileObject_SymbolLayout=<Form>[CRLF] <StandardAttribute Name=\"Stereotype\" Attribute=\"Stereotype\" Prefix=\"&lt;&lt;\" Suffix=\"&gt;&gt;\" Alignment=\"CNTR\" Caption=\"\" Mandatory=\"No\" />[CRLF] <ExclusiveChoice Name=\"Exclusive Choice\" Mandatory=\"Yes\" Display=\"HorizontalRadios\" >[CRLF]  <StandardAttribute Name=\"Name\" Attribute=\"DisplayName\" Prefix=\"\" Suffix=\"\" Alignment=\"CNTR\" Caption=\"\" Mandatory=\"No\" />[CRLF]  <StandardAttribute Name=\"Location\" Attribute=\"LocationOrName\" Prefix=\"\" Suffix=\"\" Alignment=\"CNTR\" Caption=\"\" Mandatory=\"No\" />[CRLF] </ExclusiveChoice>[CRLF] <StandardAttribute Name=\"Icon\" Attribute=\"IconPicture\" Prefix=\"\" Suffix=\"\" Alignment=\"CNTR\" Caption=\"\" Mandatory=\"Yes\" />[CRLF] <StandardAttribute Name=\"Force top align\" Attribute=\"TextStyle\" Prefix=\"\" Suffix=\"\" Alignment=\"CNTR\" Caption=\"\" Mandatory=\"Yes\" />[CRLF]</Form>\n\nDisplay Model Version=Yes\n\n\n\n[DisplayPreferences\\Symbol]\n\n\n\n[DisplayPreferences\\Symbol\\FRMEOBJ]\n\nSTRNFont=Arial,8,N\n\nSTRNFont color=0 0 0\n\nDISPNAMEFont=Arial,8,N\n\nDISPNAMEFont color=0 0 0\n\nLABLFont=Arial,8,N\n\nLABLFont color=0 0 0\n\nAutoAdjustToText=Yes\n\nKeep aspect=No\n\nKeep center=No\n\nKeep size=No\n\nWidth=6000\n\nHeight=2000\n\nBrush color=255 255 255\n\nFill Color=Yes\n\nBrush style=6\n\nBrush bitmap mode=12\n\nBrush gradient mode=64\n\nBrush gradient color=192 192 192\n\nBrush background image=\n\nCustom shape=\n\nCustom text mode=0\n\nPen=1 0 255 128 128\n\nShadow color=192 192 192\n\nShadow=0\n\n\n\n[DisplayPreferences\\Symbol\\FRMELNK]\n\nCENTERFont=Arial,8,N\n\nCENTERFont color=0 0 0\n\nLine style=1\n\nSource Arrow=24\n\nCenter Arrow=24\n\nTarget Arrow=7\n\nAutoAdjustToText=Yes\n\nKeep aspect=No\n\nKeep center=No\n\nKeep size=No\n\nBrush color=255 255 255\n\nFill Color=Yes\n\nBrush style=1\n\nBrush bitmap mode=12\n\nBrush gradient mode=0\n\nBrush gradient color=118 118 118\n\nBrush background image=\n\nCustom shape=\n\nCustom text mode=0\n\nPen=1 0 128 128 255\n\nShadow color=192 192 192\n\nShadow=0\n\n\n\n[DisplayPreferences\\Symbol\\USRDEPD]\n\nCENTERFont=Arial,8,N\n\nCENTERFont color=0 0 0\n\nLine style=1\n\nSource Arrow=24\n\nCenter Arrow=24\n\nTarget Arrow=7\n\nAutoAdjustToText=Yes\n\nKeep aspect=No\n\nKeep center=No\n\nKeep size=No\n\nBrush color=255 255 255\n\nFill Color=Yes\n\nBrush style=1\n\nBrush bitmap mode=12\n\nBrush gradient mode=0\n\nBrush gradient color=118 118 118\n\nBrush background image=\n\nCustom shape=\n\nCustom text mode=0\n\nPen=2 0 128 128 255\n\nShadow color=192 192 192\n\nShadow=0\n\n\n\n[DisplayPreferences\\Symbol\\FILO]\n\nOBJSTRNFont=Arial,8,N\n\nOBJSTRNFont color=0 0 0\n\nDISPNAMEFont=Arial,8,N\n\nDISPNAMEFont color=0 0 0\n\nLCNMFont=Arial,8,N\n\nLCNMFont color=0 0 0\n\nAutoAdjustToText=Yes\n\nKeep aspect=No\n\nKeep center=No\n\nKeep size=No\n\nWidth=4800\n\nHeight=3600\n\nBrush color=255 255 255\n\nFill Color=Yes\n\nBrush style=1\n\nBrush bitmap mode=12\n\nBrush gradient mode=0\n\nBrush gradient color=118 118 118\n\nBrush background image=\n\nCustom shape=\n\nCustom text mode=0\n\nPen=1 0 0 0 255\n\nShadow color=192 192 192\n\nShadow=0",
          "EnableViewFilter": "true",
          "Flags": "0",
          "ModelType": "0",
          "PageFooterTemplate": "%PAGE% / %TOTALPAGE%",
          "PageMargins": "((354,433), (354,315))",
          "PageNumberTemplate": "%NUMBER%",
          "PageOrientation": "2",
          "PaperSize": "(11693, 8268)",
          "PaperSource": "15",
          "Scale": "100",
          "SwimlaneHeaderHeight": "2000",
          "SVG": {
            "image.svg": "<?xml version=\"1.0\" encoding=\"UTF-8\" standalone=\"no\" ?>\r\n<!DOCTYPE svg PUBLIC \"-//W3C//DTD SVG 1.1//EN\" \"http://www.w3.org/Graphics/SVG/1.1/DTD/svg11.dtd\">\r\n<svg width=\"102mm\" xmlns=\"http://www.w3.org/2000/svg\" height=\"51mm\" version=\"1.1\" viewBox=\"0 0 388 196\" xmlns:xlink=\"http://www.w3.org/1999/xlink\"/>\r\n"
          }
        }
      }
    ]
  },
  "References": {
    "DefaultDiagram": [
      10
    ]
  }
}